dataset,horizon_hours,model,MAE,RMSE,R2
Station34,1,Persistence,0.273745,1.001791,0.998105
Station34,1,Ridge,0.498225,1.174949,0.997596
Station34,1,RandomForest,7.249132,11.919890,0.709518
Station34,1,HistGradientBoosting,10.751299,17.318366,0.467968
Station34,6,Persistence,1.415896,3.747191,0.972859
Station34,6,Ridge,2.498203,4.466546,0.964638
Station34,6,RandomForest,11.017859,16.562192,0.401323
Station34,6,HistGradientBoosting,16.213423,22.332853,0.103589
Station34,12,Persistence,2.154260,5.422974,0.941839
Station34,12,Ridge,4.486112,7.003823,0.907491
Station34,12,RandomForest,13.825492,19.905098,0.156660
Station34,12,HistGradientBoosting,17.336805,24.463154,-0.168018
Station34,24,Persistence,2.443512,6.671123,0.906937
Station34,24,Ridge,8.380082,10.462083,0.749894
Station34,24,RandomForest,12.497002,17.990597,0.172911
Station34,24,HistGradientBoosting,18.686081,25.344880,-0.376103
Station35,1,Persistence,0.129302,0.936065,0.998541
Station35,1,Ridge,0.254076,0.991694,0.998283
Station35,1,RandomForest,12.321795,20.093036,0.517747
Station35,1,HistGradientBoosting,12.508715,20.218094,0.514638
Station35,6,Persistence,0.623130,2.964350,0.985382
Station35,6,Ridge,1.247490,3.353338,0.982543
Station35,6,RandomForest,12.689517,20.455089,0.503872
Station35,6,HistGradientBoosting,13.852516,21.096553,0.487804
Station35,12,Persistence,1.119716,4.360137,0.968147
Station35,12,Ridge,2.317681,5.233091,0.958949
Station35,12,RandomForest,13.343855,21.240348,0.478295
Station35,12,HistGradientBoosting,13.799413,21.708387,0.463785
Station35,24,Persistence,1.994506,6.496875,0.926658
Station35,24,Ridge,4.549114,8.732075,0.887081
Station35,24,RandomForest,13.647678,21.503873,0.463235
Station35,24,HistGradientBoosting,13.803622,21.617584,0.454692
